patient_id,ho_ten,cccd,ngay_sinh,so_dien_thoai,email,dia_chi,benh,ket_qua_xet_nghiem,bac_si_phu_trach,ngay_kham
bdd640fb-0667-4ad1-9c80-317fa3b1799d,Quang Phạm,759546251367,08/05/1954,0369934356,maijohn@example.net,"338 John Số
Thị xã JaneThành phố, 895667",Tiểu đường,3.91,Quý cô Thành Vũ,31/01/2026
562b0f79-c374-49ee-b50b-ea63371ecd7b,Hà Bùi,660683634227,09/07/1948,0756795766,jane94@example.org,"18 Hoàng Tổ
Thành phố JohnPhường, 338968",Tiểu đường,7.94,Vũ Phạm,20/01/2026
a2bc372f-7412-4293-8729-4739614ff3d7,Phúc Phú Đặng,280212477141,15/11/1963,0831722169,john92@example.net,"64 Jane Đường
Thành phố JaneThị xã, 380746",Tiểu đường,6.53,Lâm Hoàng,03/03/2026
654821d0-7fcd-4eb1-a7ca-d415366eb16f,Anh Anh Lê,205214871555,03/12/1968,0349467790,jane96@example.com,"7 John Ngõ
Quận JaneXã, 166613",Tiểu đường,3.6,Kim Mai Mai,18/02/2026
f143262f-dc5c-4eed-8da0-365bf89897b9,Dương Trần,632552364091,03/09/1971,0763559642,john46@example.org,"2 Jane Làng
Huyện JohnXã, 916449",Tim mạch,11.87,Duyên Đặng,05/04/2026
5cec4eb5-edd9-4831-9ca3-5cfb04fc6d82,Quang Nguyễn,099373715545,21/02/1968,0982517016,tranjane@example.org,"Quận JaneXã
89 Phạm Làng, 847581",Khỏe mạnh,10.04,Thành Đặng,27/03/2026
1efa2197-7394-488f-847f-d9b4e64d1bcb,Chị Hương Đặng,874963406031,22/03/1938,0307174191,johnnguyen@example.org,"105 John Khu
JohnXã, 238739",Khỏe mạnh,7.95,Anh Châu Bùi,06/02/2026
6e595ed3-a8b3-47fa-98d0-752b1825bc54,Huy Bảo Dương,128548794867,24/09/1942,0717329309,nguyenjane@example.net,"338 Lê Số
Huyện JaneQuận, 179046",Khỏe mạnh,11.4,Ông Hưng Mai,03/01/2026
c0e9ab30-ed26-42e9-97e0-11b7f8102383,Chị Hồng Dương,780919952854,14/11/2000,0320669853,janenguyen@example.org,"74 Mai Dãy
Quận JaneQuận, 161324",Huyết áp cao,6.55,Yến Đặng,12/01/2026
80bacd64-7a0e-4fea-958c-a9ba0cd620c2,Cô Phương Trần,435029496007,25/08/1960,0981101203,hoangjohn@example.net,"939 John Số
JaneQuận, 802258",Huyết áp cao,5.95,Quang Đức Bùi,26/01/2026
750cab75-4ccc-4bc2-a53f-8a28abf3e3fc,Vũ Văn Dương,214324608040,19/12/1948,0783370559,maijohn@example.net,"354 Jane Khu
Huyện JohnQuận, 377312",Tim mạch,4.72,Hà Mai,31/01/2026
35ebd32d-9ad6-40ab-8821-2ddb45b89cd9,Trung Đức Mai,106573646236,06/11/2001,0708831230,john16@example.com,"427 Mai Đường
Thành phố JohnXã, 137778",Huyết áp cao,6.64,Nhiên Trí Bùi,25/01/2026
e623a689-5d59-4d2a-8eea-04e70ab54bde,Xuân Đặng,359214852774,13/12/1963,0847140307,johndang@example.net,"2 John Hẻm
JohnQuận, 872343",Khỏe mạnh,9.75,Huy Hải Vũ,31/01/2026
61ee411a-1bac-47a7-b386-f7a4c991603f,Ánh Dương,251961465337,19/08/1965,0854278976,janedang@example.com,"036 Vũ Ngõ
JanePhường, 634150",Tim mạch,11.8,Hải Tấn Nguyễn,23/01/2026
2db69edb-42de-4fcc-b86c-2ca2e08596db,Hưng Trần,579567320053,03/07/1994,0991446207,jane69@example.net,"06 John Tổ
JohnPhường, 446239",Tiểu đường,10.95,Tú Thế Mai,02/03/2026
6703b636-5380-4904-a88c-7015aab97e49,Tùng Lê,785254170880,20/06/1961,0755805043,rbui@example.net,"80 Vũ Làng
JaneThị xã, 563246",Tim mạch,9.44,Anh Minh Dương,02/02/2026
83f4a9a9-48a6-49d0-95b5-2908a8aa7158,Vũ Hải Vũ,223776238614,06/12/1965,0778384016,johnnguyen@example.org,"1 Bùi Làng
JaneThị xã, 355836",Khỏe mạnh,8.02,Cô Hà Bùi,12/02/2026
b227462c-f53d-4330-8dda-24ba2d06e8cf,Ông Tùng Phạm,019894516277,16/11/1951,0539297142,zle@example.com,"98 Mai Dãy
Thị xã JaneHuyện, 888295",Tiểu đường,10.04,Bà Vi Mai,05/04/2026
709b7d97-464c-44af-bd3f-3799a07295e9,Nhật Vũ,585953786612,10/04/1967,0739789843,jane58@example.org,"23 Jane Số
JaneThị xã, 165290",Tim mạch,10.34,Quý cô Hồng Hoàng,04/01/2026
9360715f-c3fe-4183-a172-b725db52ca58,Nhật Văn Đặng,633409272310,01/01/1976,0979350114,ibui@example.net,"34 Dương Đường
JanePhường, 812131",Huyết áp cao,7.63,Nhật Xuân Dương,25/01/2026
06e745f9-88bc-439c-9f4c-3b79fb10987f,Khoa Văn Trần,616137219934,10/09/1993,0550095296,janele@example.org,"755 Vũ Số
JohnThị xã, 120324",Tiểu đường,9.09,Linh Phạm,07/05/2026
a6d964a3-f510-4b53-87fe-e39f1190f938,Vi Nguyễn,236485389245,05/01/1969,0870172408,johnhoang@example.org,"1 Jane Khu
JohnXã, 736745",Tiểu đường,3.85,Bảo Vũ,21/01/2026
4fdc6e1b-edcb-4cb6-8692-dc639424aed5,Kim Hoàng Trần,294874014131,30/05/1968,0814918427,vujohn@example.net,"6 Trần Tổ
Thị xã JaneThành phố, 554582",Khỏe mạnh,7.3,Bảo Trí Bùi,04/02/2026
a6846099-f729-4951-8591-31d2bbda0242,Trọng Mai,320522945004,28/02/2001,0901066829,ubui@example.net,"473 Hoàng Số
JohnThị xã, 992288",Tiểu đường,6.98,Phúc Mai Bảo Phạm,10/03/2026
4797b2c9-5720-4246-8223-623bcc3ebdde,Tùng Nguyễn,302324924998,02/09/2005,0765595146,johnpham@example.net,"7 Dương Đường
Huyện JohnThị xã, 825391",Khỏe mạnh,5.53,Bà Dương Hoàng,13/03/2026
58007c02-87ea-4ff5-8db0-674679279973,Nhật Tấn Đặng,637808620487,10/02/1997,0558038743,jane43@example.org,"823 Jane Khu
JohnQuận, 410636",Tiểu đường,3.78,Bà Lan Vũ,03/01/2026
4639447b-2067-4dac-88bd-13d1b540b30e,Ngọc Mai,147551541962,13/02/1975,0879503097,janetran@example.org,"75 John Khu
JohnThành phố, 520172",Khỏe mạnh,9.76,Ông Nhiên Nguyễn,30/01/2026
f2f9e5fa-9016-4161-8fa7-01cd2631d00b,Vũ Phạm,947773614390,25/06/1951,0892841677,mhoang@example.net,"74 Vũ Đường
Quận JohnHuyện, 792509",Huyết áp cao,8.48,Bảo Phạm,03/02/2026
00af5b3a-2812-459a-9337-739e8d4f5d27,Nhật Mai Bảo Vũ,231177261207,20/10/1939,0722744036,janevu@example.net,"3 Hoàng Làng
JohnXã, 335729",Tiểu đường,11.56,Bà Bảo Trần,12/01/2026
9854ce4e-4ebf-45c3-8ae9-b4a72a79ea68,Bảo Trần,295918719258,24/02/1999,0337824174,jane48@example.net,"0 Đặng Khu
Thành phố JohnPhường, 976566",Tiểu đường,4.69,Vi Vũ,22/04/2026
2cd94cbb-c19a-458c-835b-1c8c0a4c9f7f,Quý ông Anh Lê,205904838913,06/09/1994,0395345977,etran@example.com,"1 Jane Số
JanePhường, 519904",Tiểu đường,5.35,Chi Trần,03/03/2026
f85e06a1-1dad-49b2-92c2-1221409d3602,Phương Văn Mai,693803852637,26/03/1998,0983312248,mnguyen@example.net,"7 John Khu
Huyện JanePhường, 608257",Tiểu đường,8.93,An Hoàng,16/02/2026
8d03c91e-4f8d-4238-a88b-78b5b5b453ca,Vân Bùi,043274822498,17/01/1948,0991733267,johnduong@example.org,"48 Bùi Dãy
JohnThị xã, 678043",Tim mạch,10.43,Quý cô Lâm Hoàng,09/04/2026
dd30de89-22f2-45f2-a11b-868dbf0d073d,Hạnh Bùi,833628576209,13/08/1981,0357049434,john44@example.net,"787 Đặng Số
JaneQuận, 831380",Khỏe mạnh,10.91,Quý cô Mai Bùi,09/01/2026
b489d070-7914-48a8-bea4-ff31517400f8,Kim Trí Dương,365059556977,25/05/1940,0919508932,janetran@example.com,"262 Jane Khu
JanePhường, 184216",Huyết áp cao,4.21,Tùng Hữu Đặng,02/05/2026
7cea2045-c268-483e-a32f-2e63b7fddd71,Duyên Trần,571265139887,24/04/1967,0584618475,john16@example.org,"24 John Tổ
Huyện JaneHuyện, 551607",Tiểu đường,9.17,Chị Phương Bùi,20/04/2026
2b840c67-2e18-4554-8ae2-8e66ae8a7813,Cô Khoa Bùi,035005372881,19/02/1968,0979392637,jhoang@example.org,"40 Vũ Hẻm
Thị xã JaneXã, 413685",Tiểu đường,10.32,Nhật Đức Dương,28/02/2026
da743152-627b-41a1-bfd6-f23232ffe294,Ông Quang Bùi,659020751287,18/03/1984,0516120752,jane06@example.com,"7 Phạm Tổ
Quận JanePhường, 892280",Tiểu đường,3.9,Cô Hải Nguyễn,01/03/2026
945ef2e4-088a-43ec-b0d9-c9f8c9e26074,Hoàng Quang Vũ,191720208115,29/10/1979,0316719380,mle@example.org,"8 Lê Khu
JanePhường, 455168",Huyết áp cao,4.52,Nhật Trần,28/01/2026
dc322c97-39c1-4262-b76c-8edec1101266,Phương Phú Trần,045797491586,22/01/1989,0350150214,vujohn@example.com,"6 Trần Làng
JohnXã, 688678",Huyết áp cao,10.78,Trọng Hải Trần,04/05/2026
b379cb1e-e8cd-40cc-b6da-3ca0d2e82f38,Huy Trần,995114489344,20/05/1954,0741192954,nguyenjane@example.com,"2 Dương Tổ
JohnThị xã, 786735",Huyết áp cao,3.77,Nhật Hoàng,21/03/2026
08601833-479d-4cda-b396-ea37f065c817,Trung Mai Dương,647097941143,30/06/1967,0789647784,john58@example.net,"31 Trần Làng
Thành phố JaneQuận, 232040",Tiểu đường,9.9,Cô Ánh Mai,10/02/2026
dea45c19-d024-4d72-b748-967f961d33ba,Bà Vi Lê,196732566632,29/09/1935,0329724313,john28@example.com,"0 John Tổ
Huyện JohnQuận, 378258",Huyết áp cao,7.95,Lan Bùi,13/04/2026
79eb4168-1045-46e5-bee3-eb791d181ee9,Bác Minh Hoàng,151866437150,15/03/1950,0901856514,omai@example.net,"00 Bùi Số
Thị xã JaneThành phố, 184714",Tiểu đường,11.79,Trọng Trí Trần,25/01/2026
95da75c1-a211-40f9-9fd3-4579466772ce,Thành Thế Dương,949807934816,01/03/2004,0970319697,ytran@example.net,"73 Đặng Dãy
JanePhường, 199704",Tim mạch,9.75,Huy Tấn Vũ,14/03/2026
ec48bf55-afd3-40c4-a713-582cf41ea3ac,Ông Vũ Trần,439329584497,18/01/1948,0531205608,vtran@example.net,"0 Trần Số
JanePhường, 153945",Tiểu đường,5.31,Trọng Vũ,10/03/2026
36760ce5-81e5-49f6-93f2-77cc1a85910d,Quý cô Lâm Trần,118613889087,04/01/1983,0702758824,john49@example.org,"4 John Khu
JaneHuyện, 106402",Tim mạch,10.53,Chị Khoa Bùi,14/01/2026
f8c88fae-a217-4f84-bdb0-25ff2451e5a4,Hương Mai,739591591525,21/08/1964,0314104430,dbui@example.com,"5 John Hẻm
Thành phố JohnHuyện, 564637",Tim mạch,6.9,Nhật Mai Bùi,23/02/2026
1d2324e6-8329-40b7-8143-f426372f871a,Huy Đức Vũ,121491754560,03/08/2001,0877752610,john36@example.net,"32 Vũ Tổ
Thành phố JanePhường, 551574",Huyết áp cao,8.99,Chị Kim Mai,14/02/2026
ab05347f-d556-437d-8f08-81ee8011316b,Vũ Hữu Nguyễn,519356861297,23/09/1994,0908864828,duongjohn@example.com,"6 Trần Số
Huyện JohnXã, 582446",Tiểu đường,5.41,Vũ Bảo Trần,17/02/2026
862268d1-6683-4107-96c0-44d06f887f28,Kim Vũ,852066487602,26/07/1981,0564924125,janele@example.org,"8 Jane Tổ
Quận JohnQuận, 368402",Tim mạch,8.5,Chị Duyên Lê,08/05/2026
c5d95f51-f387-41bd-ad59-72c6134a5a2f,Quý ông Nhiên Hoàng,661525784848,15/06/1996,0558479664,jane27@example.org,"90 Mai Ngõ
JaneThị xã, 139434",Tiểu đường,8.76,Linh Vũ,15/01/2026
daf481a7-fa34-42e8-9d3f-7d7ea508dc95,Khoa Hoàng,274833404801,15/05/2004,0522137583,lduong@example.net,"93 Hoàng Dãy
Thành phố JaneThành phố, 950360",Tiểu đường,4.89,Vũ Xuân Nguyễn,18/02/2026
707df251-fdb1-429e-b010-ed13b526b22d,Bà Thành Vũ,626508029631,01/02/1988,0386391479,rdang@example.net,"518 Vũ Khu
Huyện JohnXã, 795847",Khỏe mạnh,7.67,Bà Hạnh Bùi,26/01/2026
15b02530-f020-4992-b576-255e98549f22,Tùng Bùi,090040332634,24/01/1980,0834539283,johnbui@example.net,"23 Dương Làng
Quận JohnThành phố, 410160",Khỏe mạnh,8.79,Phương Mai,13/04/2026
e05b46c5-5636-4094-a974-31db09a9d1c1,Quý cô Bảo Lê,957052097229,21/12/1959,0958803897,janenguyen@example.com,"94 Phạm Làng
JaneQuận, 485709",Huyết áp cao,3.64,Quý ông Khoa Bùi,08/04/2026
297ca4ff-f75d-499f-ab2d-5b0987079ad4,Chị Ánh Vũ,653296343706,17/06/1942,0556033613,jdang@example.org,"12 Dương Hẻm
JohnQuận, 956375",Tim mạch,8.85,Bác Nam Bùi,11/01/2026
3c5bf3a7-5fbb-40b1-8083-89c8657e01c9,Hà Phú Phạm,654219959609,13/03/1939,0851636526,john52@example.org,"2 Dương Đường
Thành phố JaneQuận, 975522",Khỏe mạnh,8.11,Quý cô Hà Vũ,16/02/2026
3d0a5f0c-0c39-4ec7-9f31-74054d183eba,Hải Mai Trần,143617343022,12/06/1950,0718126066,ihoang@example.org,"2 Bùi Đường
JohnXã, 536802",Tim mạch,9.41,Cô Phương Đặng,14/01/2026
81e03a5e-8b48-4496-86ab-d4e7f4124360,Hồng Dương,482118905321,14/04/1941,0344025766,qdang@example.net,"31 Lê Đường
JanePhường, 283594",Tiểu đường,6.12,Quý ông Phúc Lê,13/01/2026
752a7d25-f190-4b7e-86b4-69efb74eba93,Thảo Phạm,592098462415,27/04/1941,0781444846,johndang@example.com,"03 Đặng Đường
JaneThành phố, 938171",Tiểu đường,6.09,Huy Hữu Dương,17/03/2026
7f072cb9-2fd3-40c0-b945-f2fd56cb1ab0,Bác Minh Vũ,422265380157,08/08/1946,0736782085,btran@example.net,"Huyện JaneThành phố
44 Hoàng Số, 274739",Tim mạch,6.74,Bác Bảo Nguyễn,10/03/2026
46494296-6f58-42c3-bf86-cc319d66e815,Hương Bùi,684543716332,21/10/1984,0575053935,johnle@example.net,"213 Đặng Số
Quận JaneHuyện, 490084",Tiểu đường,10.5,Ông Nhiên Lê,13/04/2026
a6499cdc-507b-4072-a5e5-8f345df06e8c,Quang Trần,354950264317,20/11/1938,0735417417,janemai@example.com,"47 Jane Dãy
Thành phố JohnThành phố, 574001",Tiểu đường,8.1,Quý cô Hà Đặng,10/05/2026
8ccc9cea-109f-48ee-b5a4-720058f0dd23,Khoa Lê,228775689278,20/01/1959,0949804150,john13@example.org,"589 Dương Hẻm
Thành phố JaneThị xã, 851759",Khỏe mạnh,7.66,Quý ông Huy Hoàng,15/01/2026
a4704d48-5128-49b1-b8ed-e0ca20156a72,Nhật Dương,290175786995,09/10/2005,0347069305,john89@example.org,"80 John Khu
Quận JanePhường, 336422",Khỏe mạnh,9.03,Minh Thế Trần,18/02/2026
8d03f17a-f4d3-45c1-a293-19fa3240d7a1,Hoàng Vũ,289027818912,19/12/2007,0723034225,maijohn@example.net,"995 John Ngõ
Huyện JohnXã, 536822",Tim mạch,8.13,Chi Mai,26/02/2026
7ba24588-4d56-4a3d-b4e7-069aa4540937,Quý cô Thảo Dương,934857193915,16/04/1945,0548543021,lejane@example.com,"92 Đặng Tổ
JohnHuyện, 639995",Tiểu đường,7.72,Thành Phạm,01/04/2026
3f779cae-7318-496d-8479-06121f5d988f,Cô An Vũ,135294047228,23/08/1987,0575873112,kpham@example.com,"278 Dương Khu
JohnThành phố, 512344",Tiểu đường,7.17,Anh Trung Hoàng,10/03/2026
7eb162f1-4806-4804-8cf0-374c0c74dc0f,Bác Tùng Nguyễn,201112643571,27/12/1949,0945501896,qle@example.net,"06 John Tổ
JohnThị xã, 628750",Khỏe mạnh,5.54,Bác Trọng Hoàng,24/01/2026
64d6dfbf-18c0-4e2b-b99f-070420f0156a,Dũng Phú Lê,900156222023,14/06/1962,0826676780,cmai@example.org,"87 John Tổ
JohnThị xã, 746447",Tiểu đường,8.99,Nhiên Đặng,09/04/2026
7d66971e-8847-4c56-827c-9f8cd40ac5e9,Châu Nguyễn,575279201623,29/06/1985,0943933762,john69@example.com,"7 Hoàng Làng
Thị xã JohnXã, 759580",Khỏe mạnh,11.67,Bảo Hải Nguyễn,22/04/2026
30d73df7-1c22-4cea-b355-56a5f2bd92f2,Chi Đặng,904981671414,09/05/1992,0905577733,janepham@example.com,"0 John Tổ
JaneHuyện, 281594",Tiểu đường,11.44,Bác Tùng Đặng,05/05/2026
9c2dfa97-43ad-4d62-b17c-fb21cdbc2c1c,Anh Quang Vũ,317219772108,26/12/1975,0774319817,janevu@example.net,"75 Vũ Ngõ
JaneHuyện, 910616",Khỏe mạnh,8.32,Bà An Vũ,16/01/2026
a7edc8d8-713f-4f8c-ac8b-e53758ab4778,Châu Phạm,570489591966,10/11/1962,0781496413,jane21@example.net,"083 John Ngõ
JanePhường, 595351",Tim mạch,4.63,Hải Lê,02/01/2026
edd97a1a-fa58-4b27-8ce3-e7c3f6eab3a0,Quý cô Hải Dương,056738235211,04/05/2000,0979447135,janedang@example.com,"9 John Hẻm
JohnThành phố, 976822",Tiểu đường,7.22,Nhật Xuân Vũ,08/01/2026
9a4ffc0c-9165-42ed-8c63-6e95025f5543,Thành Vũ,506093231775,12/03/1997,0794900535,gle@example.com,"27 Lê Đường
JaneXã, 807160",Tiểu đường,11.83,Chị Duyên Bùi,25/03/2026
669d01ff-1634-425b-93f3-007383e96ef4,Bảo Lê,619557659965,04/05/2000,0562390681,john04@example.com,"49 Jane Tổ
Thành phố JohnThị xã, 421709",Tiểu đường,9.91,Quý cô Hải Mai,02/03/2026
ea87855e-a382-45d3-9e0e-f546b0b6dedf,Quang Hoàng,748115260383,01/06/1965,0813444167,johnduong@example.org,"87 John Ngõ
JaneThành phố, 691573",Huyết áp cao,4.77,An Mai,09/04/2026
265cb9d9-8962-4f6e-929c-93b333c08bf1,Bà Phương Dương,547414667588,07/03/1951,0990104181,janetran@example.net,"28 Dương Đường
JanePhường, 122827",Khỏe mạnh,7.5,Hạnh Văn Phạm,23/04/2026
58330b30-6c77-4e95-8b98-1ccd12b2102d,Phương Nguyễn,619216481939,01/10/1944,0584757681,snguyen@example.com,"6 Bùi Dãy
JaneThành phố, 815894",Tim mạch,11.98,Bà Hà Lê,15/04/2026
ba54e920-2099-4180-8762-3997649f7d88,Cô Vi Nguyễn,406302609175,19/12/1975,0983933539,bmai@example.net,"752 Phạm Ngõ
Thị xã JohnQuận, 316092",Tiểu đường,8.46,Hà Hoàng,07/01/2026
b40a9181-ac09-4db7-9908-6e477249f62c,Mai Nguyễn,981644903988,08/02/1990,0940186398,ipham@example.org,"843 Hoàng Tổ
Huyện JohnPhường, 646571",Huyết áp cao,4.95,Quý cô Thảo Vũ,12/01/2026
e134edfc-9777-4f10-b2d2-393f8e85140d,Quý cô Phương Dương,769572038359,27/09/1941,0355276716,jane85@example.net,"62 Phạm Làng
JohnThị xã, 160423",Tim mạch,3.9,Kim Trí Bùi,17/02/2026
a58e83dd-548c-4d84-b40d-e04941476506,Nhật Đặng,022561137853,11/12/1947,0729077265,johnvu@example.com,"398 Jane Làng
JaneThành phố, 322096",Huyết áp cao,8.35,Cô Yến Dương,17/02/2026
345af934-b42a-4d93-9aba-0f15b2149062,Lâm Tấn Vũ,011726609107,02/03/1987,0739052553,pmai@example.com,"7 Trần Dãy
JohnHuyện, 428122",Tim mạch,6.13,An Hải Lê,04/01/2026
95831d58-ef4c-4119-8da5-d39b42c21797,Hạnh Trí Phạm,858988052670,02/04/1980,0729931026,janehoang@example.org,"77 Lê Tổ
Quận JaneQuận, 668471",Khỏe mạnh,5.76,Vân Nguyễn,15/01/2026
0c6b7074-ab10-4c9b-9168-2e09f1f7d904,Hồng Lê,657272821400,09/11/1966,0992772825,lejohn@example.org,"997 Nguyễn Đường
JohnThành phố, 655134",Huyết áp cao,4.74,Tùng Vũ,04/01/2026
ac8d6c7d-b2a6-4468-902b-124380913ac1,Bảo Đức Trần,867248139884,23/09/2006,0319959593,johnpham@example.net,"61 Bùi Dãy
Quận JanePhường, 968286",Khỏe mạnh,9.52,Hải Nguyễn,19/01/2026
8d7dd772-608e-4f5c-a117-727067c0518b,Ông Nam Lê,937615443219,12/08/1946,0822976183,pbui@example.com,"0 John Dãy
JohnThành phố, 817675",Khỏe mạnh,11.91,Tùng Hoàng,08/05/2026
d9b59f84-edc3-41c3-adea-2d2d086c405f,Nam Hoàng Hoàng,264381176624,25/12/1954,0932825295,ttran@example.org,"8 Bùi Hẻm
Huyện JohnThành phố, 558320",Tiểu đường,11.55,Cô Linh Hoàng,30/04/2026
f80b2cea-658e-44a2-9879-cf35f4719986,Nam Đức Dương,444360863181,17/02/2002,0585192300,janemai@example.com,"943 John Khu
Thị xã JohnPhường, 508548",Tim mạch,10.27,Quang Đức Trần,02/01/2026
5c238d8d-71da-45b9-8eea-9db8f165d779,Tú Lê,047679279424,29/03/1947,0789745211,janeduong@example.net,"015 Jane Số
Huyện JaneThị xã, 917018",Huyết áp cao,4.13,Nhật Mai,17/02/2026
af70de70-2b69-495e-8567-1b58926bffa5,Bảo Trí Vũ,600434667183,05/05/1976,0721290803,jane21@example.org,"71 Vũ Làng
JohnThị xã, 212168",Huyết áp cao,10.37,Bà An Bùi,06/03/2026
cdd7f460-6140-47d3-9ec4-ea48d773f98d,Bảo Tấn Bùi,555707784844,19/11/1953,0381772696,jane93@example.com,"47 Jane Số
JaneHuyện, 219420",Khỏe mạnh,9.36,Chị Dương Mai,06/01/2026
f166cdcf-762c-4fbc-ba2a-a7baf3f81c31,Quý cô Vi Vũ,364001733025,08/10/1944,0560529037,iduong@example.net,"2 Bùi Ngõ
JaneXã, 520274",Huyết áp cao,5.31,Phương Thị Đặng,15/04/2026
15c1604f-ea16-4354-a35f-c9c198049562,Lâm Đặng,338766829257,30/12/1957,0818252744,hoangjane@example.com,"JohnThành phố
38 Jane Tổ, 510133",Tiểu đường,8.78,Anh Quang Nguyễn,04/04/2026
eba900e1-6a7d-4d96-8ba1-72331ac3bf31,Hà Lê,139280676487,07/10/1982,0925362615,jane73@example.net,"775 Jane Đường
Thành phố JanePhường, 214675",Tim mạch,7.15,Chị Phương Lê,18/04/2026
6d268b37-8f52-42d3-94bb-bcf828fea761,Anh Thành Lê,573130946045,22/09/1960,0911643855,bbui@example.net,"96 Nguyễn Làng
Huyện JohnXã, 206694",Khỏe mạnh,7.9,Bà Thành Phạm,30/03/2026
dcd5bfae-abb3-46a7-8329-97801d2c2721,Bác Trọng Bùi,150340805909,13/10/1988,0322044657,dangjane@example.com,"9 John Tổ
Quận JaneThành phố, 291936",Khỏe mạnh,8.92,Hoàng Hữu Bùi,26/04/2026
6c4c450b-623a-40fc-9326-7d25234b4562,Quý cô Hải Mai,942250279889,08/12/1958,0962475352,janevu@example.org,"0 Nguyễn Dãy
Quận JaneXã, 629990",Tiểu đường,10.95,Quý ông Châu Bùi,28/03/2026
90bde900-1529-46f5-aad1-1fe87d1b695e,Vi Phạm,706606379218,10/02/1975,0789913737,vujohn@example.net,"7 John Khu
JohnPhường, 562806",Tiểu đường,5.74,Quý cô Hương Phạm,27/02/2026
7321a8b2-0840-405a-bfd2-f491dff389aa,Quang Trần,076272445999,12/02/1995,0738608516,phamjohn@example.net,"9 Lê Hẻm
Quận JohnXã, 467856",Huyết áp cao,3.6,Trọng Mai,02/02/2026
4aea1b8f-b43c-4e0a-ba9f-c10e52daf681,Nhiên Vũ,480254096043,15/05/2005,0896823579,lejane@example.org,"Quận JohnQuận
672 Bùi Số, 573947",Tim mạch,10.08,Hải Trần,20/03/2026
b1d81887-4739-4c7b-bff3-0c8d83ff3e96,Bảo Mai Bảo Đặng,727133573209,11/09/1935,0520340790,duongjane@example.org,"637 Đặng Khu
JohnXã, 993829",Tiểu đường,3.58,Bác Hưng Nguyễn,20/01/2026
75a72686-d632-4d31-88ac-ffcfa04d4d14,Hương Lê,470559010709,02/06/1995,0937316610,bnguyen@example.org,"Huyện JohnHuyện
5 Trần Tổ, 796787",Tiểu đường,6.76,Cô Kim Vũ,15/02/2026
b4258e19-1758-447e-a7cd-e1436de21429,An Phạm,542905948611,02/04/2000,0706658145,lejohn@example.net,"516 Jane Ngõ
Thị xã JohnPhường, 945106",Huyết áp cao,10.38,Hà Đặng,13/03/2026
61fa01ba-231a-47c7-8c9b-ff5ce1887eaf,Chị Hà Mai,744517266172,06/07/1936,0501754393,janedang@example.net,"97 John Ngõ
Thành phố JaneHuyện, 550246",Tim mạch,3.57,Hoàng Hải Vũ,06/05/2026
99db1302-8dab-46d3-bf87-dfc2159152f2,Nam Vũ,596113400690,27/04/1963,0377510043,janevu@example.net,"61 Jane Ngõ
Huyện JaneQuận, 505629",Khỏe mạnh,10.1,Thành Xuân Dương,15/01/2026
0387f74d-1149-4096-965d-744f0445c1a8,Trung Nguyễn,370127291518,03/08/1943,0733647036,smai@example.net,"61 Jane Ngõ
JohnXã, 313068",Khỏe mạnh,9.55,Bà Kim Hoàng,04/05/2026
ae59aa52-a65b-422b-95a3-86d9c362a810,Hạnh Bùi,959323290988,02/11/1967,0755833505,phamjohn@example.com,"21 John Đường
Thị xã JaneXã, 642347",Tiểu đường,3.85,Phúc Đặng,25/01/2026
44cdbfdd-df9b-441e-87f7-bda1bff15840,An Đặng,398651150566,15/10/1993,0860457979,john49@example.net,"5 Jane Hẻm
JohnHuyện, 910894",Tim mạch,10.76,Khoa Trần,14/02/2026
0b461173-00a8-4473-8242-5912bda3c162,Mai Nguyễn,056150685458,26/07/1999,0309253476,jane22@example.org,"536 Vũ Ngõ
JohnXã, 806033",Khỏe mạnh,10.03,Lan Phạm,11/04/2026
66a302d6-f43e-4c48-8bc1-f9e5fb3df063,Nhật Vũ,218338730806,23/08/1977,0319351993,john87@example.org,"4 Jane Tổ
JohnPhường, 673108",Tim mạch,9.79,Chị Ngọc Bùi,05/01/2026
a2cd1590-58af-493c-8aa2-b4c93ba5bd76,Linh Nguyễn,100449865261,27/07/1986,0532971632,john38@example.org,"410 Jane Tổ
JohnXã, 200219",Tiểu đường,7.17,Quý cô Hà Hoàng,21/04/2026
f6d70248-a995-4cc3-af5b-09a60ff1c51f,Chị Hạnh Vũ,575642828689,26/03/1978,0540466392,udang@example.com,"291 John Hẻm
JaneHuyện, 526259",Tim mạch,7.08,Phương Đặng,10/02/2026
43d78f2b-769d-41e3-8eed-412473b0d676,Hà Lê,428572383521,05/10/1976,0787982794,phamjane@example.org,"68 Jane Khu
Thành phố JaneThị xã, 682959",Tiểu đường,9.84,Cô Chi Trần,28/01/2026
d49347fc-0fc9-4d2e-830f-9be91f178f93,Chị Mai Bùi,483830952290,08/01/1986,0827449065,hoangjane@example.org,"721 Trần Đường
JohnQuận, 701761",Tiểu đường,8.41,Nhật Hữu Dương,06/01/2026
2c3d17e2-6d39-4a75-aee7-0ab261fa8e7a,Trung Xuân Vũ,753706174626,12/06/1973,0914924949,cle@example.net,"4 Bùi Dãy
Thành phố JaneThị xã, 243902",Tiểu đường,5.57,Lâm Hải Mai,04/01/2026
b69f75c5-c82b-41be-a1eb-64e6fd498e20,Châu Mai Bảo Đặng,562687846982,26/09/2003,0964340080,jane42@example.org,"407 Hoàng Làng
Thành phố JohnPhường, 352867",Tiểu đường,8.41,Tùng Nguyễn,12/02/2026
cc21cbdb-fb8f-48c4-98b4-8ead93608edf,Thành Xuân Lê,176847260400,22/07/1967,0783410227,jane90@example.net,"3 Mai Khu
Thị xã JohnThành phố, 158896",Tiểu đường,6.08,Chị Ngọc Mai,03/04/2026
9d37efb6-eafb-4e90-94ec-84ce002ccb25,Chị Linh Lê,807006965579,26/05/1979,0839715975,nguyenjohn@example.net,"851 Bùi Ngõ
JaneHuyện, 243079",Tim mạch,11.16,Quý cô Hải Dương,07/05/2026
f7ff88d4-b509-408a-ac98-8bca51397c06,Quang Xuân Bùi,497346572733,12/02/1977,0398477337,john20@example.net,"0 Jane Làng
Thị xã JohnHuyện, 881549",Tim mạch,11.13,Lâm Đặng,04/03/2026
f68c62e6-e2a4-4909-a2dd-22d52afaab7b,Nhật Đặng,431519027945,23/02/1996,0847476750,vujohn@example.org,"10 Jane Dãy
JohnThị xã, 617033",Khỏe mạnh,8.88,Thành Hữu Trần,04/04/2026
a6a5f0ff-93fb-41d0-9d32-6d9cc9ea356a,Chị Chi Trần,968828653599,27/11/1939,0836557641,john54@example.org,"21 Jane Dãy
Thị xã JohnXã, 555292",Khỏe mạnh,5.18,Cô Hà Đặng,09/02/2026
b27b7bb4-68c6-40b2-b0a2-cee8f9722cc1,Khoa Vũ,411777457625,09/09/1967,0884740860,nguyenjane@example.net,"050 Trần Khu
JohnThành phố, 126985",Huyết áp cao,4.67,Chị Dương Vũ,16/01/2026
4ef03f80-1d91-4e39-9801-4004793bed1b,Nhật Mai Bảo Vũ,849198558586,06/10/1947,0367704167,xle@example.com,"477 Phạm Khu
Quận JohnThành phố, 800596",Khỏe mạnh,5.35,Tùng Bảo Hoàng,14/02/2026
6319629b-d73e-4bb9-8f9c-a17b8db8dadf,Phương Mai Bảo Hoàng,077966993967,06/06/1967,0890541147,fvu@example.com,"9 John Dãy
Quận JohnQuận, 232315",Tim mạch,10.4,Hồng Trần,26/03/2026
a091e5b4-d293-4e6e-bf4d-093033b0fb53,Bà Thành Trần,067748821509,16/03/1947,0378340766,zmai@example.net,"7 Jane Ngõ
JohnQuận, 694116",Huyết áp cao,11.37,Hà Hoàng,20/01/2026
891f4683-de12-4bf1-893d-6196c926a021,Huy Đức Bùi,402103627401,12/06/2001,0985310900,lnguyen@example.com,"653 Jane Khu
JohnHuyện, 957091",Tim mạch,9.58,Khoa Vũ,06/04/2026
1924c644-af52-4666-b239-09f4dbb54645,Chị Thảo Dương,414598774472,11/01/1979,0504218283,jane91@example.org,"7 Nguyễn Hẻm
Huyện JaneQuận, 918430",Huyết áp cao,7.23,Lan Phạm,08/02/2026
08775804-3fde-4814-8ec0-ad4bd6441a9d,Ông Quang Phạm,046594841893,24/08/1972,0995989110,jane86@example.net,"579 Lê Dãy
JaneQuận, 978343",Huyết áp cao,8.1,Vũ Vũ,06/01/2026
da9408c0-29b4-4cb1-8cb5-ee5c62f5f7c2,Chị Dương Phạm,184983710905,30/06/1963,0753468469,jane80@example.net,"2 John Khu
JaneThị xã, 494763",Tim mạch,10.67,Bảo Đức Phạm,01/04/2026
d30608be-8548-467b-ad5c-ba244d59616b,Khoa Đức Nguyễn,347681515193,22/12/2004,0951227363,jane41@example.com,"5 Vũ Khu
Quận JohnThành phố, 944554",Tiểu đường,8.85,Hải Tấn Lê,05/01/2026
4bacbedf-ff5a-429e-bf53-d344a7c854e4,Huy Bùi,883746275654,15/03/1988,0300470785,hoangjohn@example.com,"8 Đặng Khu
Quận JaneThành phố, 593649",Tiểu đường,8.32,Bà Nhật Mai,05/02/2026
55ec024a-e64b-4b37-ae01-a122f269921c,Lâm Đặng,273719216103,02/10/1965,0755620216,jane55@example.com,"709 Jane Làng
Thị xã JaneThị xã, 156688",Tiểu đường,5.05,Chị Lâm Đặng,21/03/2026
e8184f34-e491-4f7d-91c4-6efcfcb896bb,Anh Dũng Lê,769353534016,11/05/1946,0749227041,odang@example.org,"743 John Dãy
Quận JanePhường, 550268",Khỏe mạnh,10.77,Kim Mai Bảo Bùi,01/01/2026
bb0c7919-330c-4ff5-88a5-fa0d09a85dc5,Nam Tấn Mai,987914354955,18/04/1961,0831495466,nguyenjohn@example.org,"21 Mai Khu
Thành phố JohnHuyện, 404955",Huyết áp cao,4.26,Bác Huy Lê,08/03/2026
5bf7dda1-7d7c-49a5-a6c1-1650ff02f5b0,Chị Xuân Bùi,187653773319,17/12/1937,0386005635,johnle@example.org,"506 Mai Đường
Thành phố JohnThành phố, 823255",Huyết áp cao,5.36,Kim Dương,15/03/2026
797209c0-40b3-44f8-8c1a-b2c71fa3ed1f,Chị Nhật Nguyễn,742211742232,04/05/1976,0738655943,qtran@example.net,"18 Jane Ngõ
Thị xã JohnXã, 309452",Tiểu đường,11.35,Minh Phạm,11/03/2026
290e3e89-4b9c-42f4-a8e5-c8cdb4146e4a,Vân Dương,421117519374,17/08/1963,0555576471,pdang@example.org,"972 John Ngõ
JohnThị xã, 410401",Tiểu đường,9.09,Bảo Nguyễn,20/01/2026
0a190939-dfc7-4b26-acb9-41fcd02c75f9,Quang Đặng,555577684618,03/05/1993,0344061894,tranjohn@example.org,"57 Trần Tổ
JohnThành phố, 520245",Huyết áp cao,9.25,Nhật Đức Bùi,03/04/2026
e2d903c8-a61a-4d8e-abf7-240fccc62fed,Cô Bảo Nguyễn,291141270788,19/01/1957,0308288811,buijane@example.net,"6 Hoàng Đường
Thị xã JaneThành phố, 531262",Tim mạch,8.96,Ông Vũ Vũ,08/05/2026
de4b061e-b45e-4463-832a-09e05071e5f0,Bà Vân Mai,636780883201,27/04/1948,0775793844,epham@example.com,"890 John Dãy
JohnThành phố, 887931",Khỏe mạnh,3.66,Bác Quang Đặng,24/02/2026
8ced4707-3903-4b65-81c6-1eeb0ce3c8c8,Kim Hải Trần,210441815241,03/11/1997,0841798809,choang@example.org,"17 John Số
JohnXã, 675771",Tim mạch,9.34,Ánh Trần,28/04/2026
4dfa21be-a335-42c8-9e7b-1e95f692641a,Quý cô Linh Đặng,261725718218,30/09/1942,0744830802,janedang@example.net,"5 Trần Ngõ
Thành phố JaneHuyện, 970196",Tim mạch,9.23,Tùng Mai,14/03/2026
e599bd3c-0bb8-4d38-9b37-ef19b3bc912f,Quý cô Bảo Bùi,540741979192,01/12/1949,0773625475,john31@example.com,"5 Jane Đường
Thị xã JanePhường, 717942",Huyết áp cao,11.01,Quý cô An Mai,10/01/2026
d6bca712-6ecc-4931-af70-5d018da03d88,Anh Nhiên Lê,375729287799,30/10/1952,0763712574,buijane@example.net,"3 Bùi Tổ
JaneQuận, 244892",Tim mạch,8.08,Khoa Thế Mai,02/03/2026
8db78572-ef7d-4821-bca0-258eb63d65d5,Chị Mai Hoàng,245219224179,27/11/1974,0359579877,john28@example.net,"1 Mai Dãy
JaneThị xã, 947568",Tiểu đường,8.55,Vân Trần,05/01/2026
ab95c72f-0d95-4af5-a534-21bc6180b78a,Mai Vũ,589827569449,06/04/1957,0700178904,jane20@example.net,"0 Dương Ngõ
Thị xã JohnXã, 922405",Tim mạch,4.89,Hưng Bùi,17/03/2026
f9cf8499-c9c1-4d45-b4ea-6b976aa415b5,Tùng Thị Nguyễn,390197015237,26/07/1969,0371068146,janepham@example.net,"8 John Khu
JohnPhường, 178086",Huyết áp cao,3.79,Chị Nhật Mai,24/01/2026
4773e66a-6db2-4020-8a67-01436090103c,Hoàng Lê,384519386134,24/01/1970,0378354447,dangjane@example.net,"590 Dương Tổ
Huyện JohnQuận, 645895",Huyết áp cao,8.05,Phương Lê,22/03/2026
1789be63-6746-4743-897b-303d8b074d1a,Quang Hoàng Đặng,303658363121,01/06/1980,0979108772,jane39@example.net,"573 John Tổ
JohnThị xã, 369054",Khỏe mạnh,5.68,Nam Mai,14/03/2026
7210045a-823c-4ef9-8d85-65ce83a9c235,Ông Khoa Phạm,733891334087,14/12/1978,0508126888,tranjohn@example.net,"361 Jane Ngõ
Thành phố JanePhường, 447828",Tim mạch,4.86,Hương Trần,11/01/2026
8ede9b46-407d-4aff-8b51-a9112d90e4ee,Khoa Phạm,197341160137,24/07/1970,0882282236,cbui@example.net,"618 John Đường
Huyện JohnHuyện, 925115",Huyết áp cao,11.53,Trọng Trần,24/02/2026
61a451ff-700b-4b43-ad3b-9d13c3e90323,Hải Văn Dương,154712498006,19/08/1956,0506383103,johnbui@example.net,"50 John Đường
Thị xã JohnHuyện, 320256",Tim mạch,6.4,Trung Bảo Mai,28/01/2026
9dec2b83-3885-4f7e-af1a-25a829344e15,Trung Trần,555230375142,16/01/1960,0505169106,maijane@example.net,"1 Trần Làng
JaneHuyện, 234443",Huyết áp cao,5.62,Cô Thảo Hoàng,14/01/2026
7c6166df-515a-4b43-b189-1f48e66e2c11,Bác Trọng Vũ,919731782756,06/02/1956,0932820490,jane62@example.org,"6 Đặng Hẻm
JaneThị xã, 566991",Khỏe mạnh,3.62,Khoa Mai Bảo Mai,22/01/2026
14fc3a5d-9b4b-4377-a542-deb92cff45f8,Hoàng Mai,618782830555,03/02/1962,0594705138,john10@example.net,"3 Jane Dãy
Huyện JaneQuận, 909652",Tim mạch,4.46,Hoàng Dương,08/04/2026
5d264b1b-6593-4659-972e-8c6882aa5c46,Dương Phạm,434569395218,06/12/1957,0770069515,janele@example.org,"7 Nguyễn Làng
JohnThành phố, 377198",Huyết áp cao,10.09,Quang Thị Phạm,11/04/2026
635a11f2-5c7a-483d-8a9d-2704e860bcb1,Quý ông Hưng Nguyễn,640356771197,19/06/1979,0844806390,maijane@example.net,"65 Jane Số
Thị xã JaneHuyện, 610511",Tiểu đường,5.97,Ông Minh Lê,27/03/2026
83b8fa05-13bc-4dc6-bae0-acdb2a6524af,Trung Lê,292246896469,18/10/1960,0510857739,janehoang@example.net,"51 Dương Dãy
Quận JaneThành phố, 355506",Tiểu đường,7.13,Lan Hoàng,26/04/2026
833c8f55-a129-4fa2-a27d-4660293fc266,Xuân Hoàng,583373140771,07/05/1955,0371990945,lejane@example.org,"9 Jane Ngõ
Thị xã JaneThị xã, 278852",Huyết áp cao,9.45,Quý cô Duyên Lê,24/04/2026
9f8acdeb-2e8f-45a8-847a-3b7ed209383b,Phúc Đặng,365302604887,28/01/1997,0920657087,phamjane@example.com,"886 John Hẻm
JohnXã, 627778",Huyết áp cao,7.67,Hà Dương,09/05/2026
8a0ea57a-9a7d-409d-a6e8-790b215d3b1f,Xuân Bùi,450331279387,29/05/2006,0513890563,cdang@example.net,"65 Jane Hẻm
JaneQuận, 187889",Tim mạch,4.39,Trọng Mai,21/03/2026
b58ac738-0166-4221-b063-ae7f41ff81d1,Duyên Mai,437400005618,25/05/1951,0754361180,buijohn@example.net,"12 Hoàng Khu
JaneXã, 483405",Huyết áp cao,11.4,Thành Phạm,22/03/2026
7b8301cf-8ebc-4d7e-88a6-5b858d56bff6,Bà Phương Mai,851996215488,13/03/2001,0881261062,jane95@example.net,"1 Jane Hẻm
Quận JaneHuyện, 939756",Tiểu đường,8.18,Lan Bùi,04/05/2026
d2c0dec2-1751-44d7-8deb-2696015aba1d,Quý cô Khoa Bùi,810319367713,10/05/1947,0950594604,vujohn@example.com,"6 Hoàng Khu
Quận JaneThị xã, 111230",Tim mạch,7.19,Bà Mai Nguyễn,27/04/2026
3b4ec9f5-b2cd-4a0a-840c-5cb082b34384,Cô Thành Phạm,738338372066,26/05/1935,0312780621,johnvu@example.com,"93 John Ngõ
JaneHuyện, 955129",Khỏe mạnh,9.65,Quang Hoàng,07/02/2026
932d1648-6769-40f1-ae01-b9e0746b161a,Thảo Lê,855083532617,08/10/1990,0892056967,maijohn@example.net,"4 Dương Số
JohnHuyện, 913274",Khỏe mạnh,10.5,Quý ông Nhiên Nguyễn,04/04/2026
61f6dfbe-114b-4c79-8200-79f51dc3c26e,Chị Vi Đặng,507923903896,28/06/1991,0794840791,john43@example.com,"827 Đặng Làng
JohnPhường, 816289",Tiểu đường,8.08,Quý cô Yến Phạm,15/02/2026
43f19b58-df6c-4d60-bdf7-6a69bc45144a,Chị Mai Phạm,687070625902,25/10/1983,0581255737,johntran@example.org,"0 Jane Tổ
JaneXã, 388078",Tiểu đường,6.63,Anh Minh Vũ,19/03/2026
20d4ba18-93a0-4478-800b-19de38db128d,Vân Bùi,009556740672,16/06/2000,0561495617,maijane@example.com,"18 Đặng Đường
Quận JaneXã, 205641",Tiểu đường,5.04,Quang Đức Lê,17/04/2026
78aa16ea-44f7-401a-bcb5-26d7434a130e,Quang Xuân Dương,488535640664,21/01/1993,0360465398,janedang@example.com,"29 John Ngõ
JohnXã, 553214",Tiểu đường,8.21,Lâm Trí Lê,02/04/2026
6be8c756-2d36-426c-827e-789cce40483b,Anh Minh Mai,794232631020,30/04/1978,0376377945,qvu@example.net,"12 John Khu
JohnThị xã, 880762",Tim mạch,9.64,Anh Phú Đặng,19/04/2026
41f9994a-cf5d-437f-ae8d-5daa8eb7c306,Nam Bảo Trần,091431361660,21/02/1983,0834817943,johnvu@example.com,"7 Jane Khu
JohnQuận, 771697",Tiểu đường,5.22,Huy Hữu Trần,16/01/2026
50405c43-3a6c-4da6-97f7-d71f2978cc73,Khoa Đức Hoàng,919852884142,07/03/1989,0715988504,jane59@example.net,"JohnQuận
341 John Số, 208013",Huyết áp cao,5.08,Hà Dương,17/04/2026
65a29cc8-c55b-495d-86bf-d9c40dc78104,Hà Vũ,413530967239,28/06/1956,0715628578,buijane@example.org,"22 John Đường
JaneThị xã, 589887",Khỏe mạnh,10.73,Tùng Dương,27/01/2026
8a0ec018-b297-49b2-b2cf-fcaef833ebfb,Quý cô Hải Hoàng,305576097965,23/07/1994,0802389827,jane78@example.org,"56 Lê Khu
Thành phố JohnHuyện, 400692",Huyết áp cao,8.71,Ông Châu Dương,28/02/2026
cc476b72-6e31-4234-8410-010802568389,Trọng Phạm,677839518782,04/05/1936,0984177644,john68@example.com,"6 Phạm Khu
Thị xã JohnXã, 901676",Tim mạch,9.64,Khoa Mai,22/02/2026
1186da93-da7d-4c53-b020-cf0669b41194,Chị Hạnh Trần,797684039899,01/05/1997,0569874452,svu@example.net,"208 John Ngõ
JaneQuận, 849937",Huyết áp cao,7.92,Ông Quang Trần,30/01/2026
578799d9-3799-4376-be5b-3ac903c501fe,Hạnh Mai Bảo Đặng,933609551373,19/06/1998,0864921772,dangjohn@example.org,"872 Jane Số
Thành phố JohnThị xã, 908688",Khỏe mạnh,3.57,Anh Hưng Phạm,31/03/2026
85695f97-180d-4855-855f-fde8bc3e1d19,Quý cô Hồng Vũ,510261532654,30/04/1979,0311624022,johnmai@example.net,"4 Jane Đường
Thành phố JohnPhường, 555251",Huyết áp cao,6.03,Nam Xuân Vũ,24/04/2026
3e3b1a40-ca05-43a2-a553-b15f1ea15b0f,Ngọc Hoàng,161501318254,16/01/2000,0943150683,janetran@example.org,"9 Nguyễn Đường
JohnPhường, 662407",Tim mạch,6.4,Bảo Dương,15/02/2026
c9df301e-8ef0-4de1-bb4f-19725115d7ee,Bảo Hoàng Nguyễn,505781621677,09/10/1986,0586668732,john40@example.com,"7 John Tổ
JaneHuyện, 971733",Khỏe mạnh,3.68,Cô Phương Lê,29/03/2026
8aa6b006-436a-4b9d-91c5-6a004bb13407,Bảo Văn Mai,118126529810,12/12/1986,0871656444,johnhoang@example.com,"18 Phạm Dãy
Huyện JaneThị xã, 772036",Huyết áp cao,8.99,Tú Đức Mai,08/05/2026
f013a170-d5cf-4b4c-8b34-fc841111ee29,Chị An Phạm,268802024874,05/12/1949,0326372699,gpham@example.org,"7 Nguyễn Tổ
Thành phố JohnQuận, 787603",Tiểu đường,8.47,Ông Bảo Nguyễn,12/03/2026
e3f342a8-f030-4fd4-be54-898e8eda6433,Thành Thị Hoàng,787902535915,15/07/1971,0962241315,tranjane@example.org,"386 John Làng
Thị xã JohnPhường, 704570",Tim mạch,10.85,Bảo Bảo Trần,02/02/2026
66cc7376-8cca-4963-ae2e-77a4cadec379,Phúc Mai Đặng,464022644040,02/04/1978,0925954952,jane66@example.net,"8 Jane Khu
JaneThị xã, 516379",Huyết áp cao,5.34,Yến Nguyễn,25/02/2026
2294fa0a-8482-4c08-842c-65ad9883e9b1,Nam Vũ,067937952638,23/07/1965,0843924338,janenguyen@example.net,"075 John Khu
JohnQuận, 368691",Huyết áp cao,8.74,Vũ Hoàng,19/03/2026
bbf8da91-37a9-4824-aafa-4d5b91ae3d4c,Nhật Đặng,081802307856,11/01/2001,0717617810,janehoang@example.org,"961 Jane Tổ
JaneThành phố, 907812",Tim mạch,6.04,Cô Dương Bùi,11/01/2026
51beba8e-0a8a-4b94-863d-fcd64e0648d0,Bà Phương Phạm,729770177863,17/03/1956,0554627875,buijane@example.net,"646 John Tổ
Thị xã JohnXã, 518582",Huyết áp cao,6.88,Vũ Bùi,08/04/2026
2160446e-b2a7-4475-8619-67736f3acf33,Quý cô Phương Phạm,431879996897,03/10/2001,0724702041,mhoang@example.net,"146 Hoàng Ngõ
Thị xã JaneHuyện, 465227",Tiểu đường,5.22,Bà Linh Hoàng,08/05/2026
2b54500d-4e08-4bb4-8509-d55806326b36,Trọng Mai Hoàng,962315238627,16/03/1955,0876191351,onguyen@example.org,"1 John Làng
Huyện JohnHuyện, 827497",Huyết áp cao,10.86,Hạnh Dương,02/04/2026
bd717da3-3581-4632-94f5-df7005d2d205,Chị Vân Mai,974334960600,24/07/1970,0394975298,uhoang@example.org,"98 Jane Hẻm
Huyện JohnPhường, 747983",Huyết áp cao,6.16,Hưng Dương,08/05/2026
637e3f94-110c-4d92-8222-305df1f71605,Quang Trần,917176228435,15/12/1937,0830021639,jane36@example.net,"Huyện JaneXã
387 John Làng, 655132",Huyết áp cao,4.93,Dũng Dương,18/03/2026
58c69158-04b4-4ac9-a831-7f0dbe9063fb,Quang Thế Phạm,644408754179,31/07/2003,0843073945,john46@example.org,"256 John Số
Thị xã JohnXã, 260169",Tiểu đường,7.96,Hạnh Tấn Dương,16/04/2026
2379c05f-a708-4280-b4ee-0b6721bbd183,Chị Thảo Mai,487776367898,07/10/1953,0916074440,ple@example.net,"881 Jane Hẻm
Huyện JaneThị xã, 418083",Tiểu đường,5.35,Bác Hoàng Phạm,21/01/2026
c32fc21b-06b4-4d27-af4b-8be821acfdb5,Trọng Hoàng,652769642459,14/10/1966,0729381152,johnnguyen@example.com,"897 Lê Số
JaneQuận, 271742",Tiểu đường,11.74,Chị Ngọc Bùi,03/01/2026
69bd40d8-f340-4dd3-8515-75b9ece9504b,Chị Vi Phạm,944296383476,11/05/1944,0707374454,janehoang@example.com,"660 Đặng Số
Thành phố JaneThị xã, 967182",Tiểu đường,4.53,Xuân Phạm,11/04/2026
